{
    "Inspector-Dangers-Crime-Quiz": {
        "Name": "Inspector Danger's Crime Quiz",
        "Author": "Werner Wejp-Olsen",
        "Web_name": "inspector-dangers-crime-quiz",
        "Main_website": "https://www.gocomics.com/",
        "Working_type": "date",
        "Description": "INSPECTOR DANGER\u2019S CRIME-QUIZ Do you love whodunit-mysteries? Are you a Columbo-fan? Would you like to be a detective too? Here\u2019s your chance. The comic strip \u201cInspector Danger\u2019s Crime-Quiz\u201d by Werner Wejp-Olsen, world-renowned cartoonist, is a crime-puzzle challenging armchair sleuths of both genders and all ages to activate their Sherlock Holmes-gene to figure out the right solution and solve the case.\n\nDisclaimer from GoComics: All characters appearing in this comic strip are fictitious. Any resemblance to the real world, real crime scenes and actual criminals is purely coincidental, unintentional and not to be taken too literally.",
        "Position": 13,
        "First_date": "2011, 8, 1",
        "Color": "7AB2BE",
        "Image": "https://avatar.amuniversal.com/feature_avatars/recommendation_images/features/cq/mid_rec-201701251557.jpg",
        "Aliases": "'InspectorDanger' 'Inspector', 'inspector', 'crime', 'crimequiz'",
        "Helptxt": "Solve crime puzzles every Monday with Inspector Danger and his assistant Alfie!"
    }
}